[{"model": "admin.logentry", "pk": 1, "fields": {"action_time": "2025-02-15T15:23:14.256Z", "user": 1, "content_type": 7, "object_id": "1", "object_repr": "smart_tech.com", "action_flag": 2, "change_message": "[{\"changed\": {\"fields\": [\"Domain name\", \"Display name\"]}}]"}}, {"model": "admin.logentry", "pk": 2, "fields": {"action_time": "2025-02-21T17:38:02.054Z", "user": 1, "content_type": 8, "object_id": "1", "object_repr": "j.sapraa@gmail.com", "action_flag": 2, "change_message": "[{\"changed\": {\"fields\": [\"Verified\"]}}]"}}, {"model": "admin.logentry", "pk": 3, "fields": {"action_time": "2025-02-23T12:03:40.929Z", "user": 1, "content_type": 13, "object_id": "1", "object_repr": "Gaming", "action_flag": 1, "change_message": "[{\"added\": {}}]"}}, {"model": "admin.logentry", "pk": 4, "fields": {"action_time": "2025-02-23T12:03:59.350Z", "user": 1, "content_type": 13, "object_id": "2", "object_repr": "Charging", "action_flag": 1, "change_message": "[{\"added\": {}}]"}}, {"model": "admin.logentry", "pk": 5, "fields": {"action_time": "2025-02-23T12:06:05.107Z", "user": 1, "content_type": 13, "object_id": "3", "object_repr": "Headsets", "action_flag": 1, "change_message": "[{\"added\": {}}]"}}, {"model": "admin.logentry", "pk": 6, "fields": {"action_time": "2025-02-23T12:18:46.561Z", "user": 1, "content_type": 13, "object_id": "3", "object_repr": "Headsets", "action_flag": 3, "change_message": ""}}, {"model": "admin.logentry", "pk": 7, "fields": {"action_time": "2025-02-23T12:18:50.600Z", "user": 1, "content_type": 13, "object_id": "2", "object_repr": "Charging", "action_flag": 3, "change_message": ""}}, {"model": "admin.logentry", "pk": 8, "fields": {"action_time": "2025-02-23T12:18:53.734Z", "user": 1, "content_type": 13, "object_id": "1", "object_repr": "Gaming", "action_flag": 3, "change_message": ""}}, {"model": "admin.logentry", "pk": 9, "fields": {"action_time": "2025-02-24T19:09:31.976Z", "user": 1, "content_type": 14, "object_id": "13", "object_repr": "test", "action_flag": 1, "change_message": "[{\"added\": {}}]"}}, {"model": "admin.logentry", "pk": 10, "fields": {"action_time": "2025-02-24T19:10:13.514Z", "user": 1, "content_type": 14, "object_id": "14", "object_repr": "Test2", "action_flag": 1, "change_message": "[{\"added\": {}}]"}}, {"model": "admin.logentry", "pk": 11, "fields": {"action_time": "2025-02-24T19:10:50.169Z", "user": 1, "content_type": 14, "object_id": "14", "object_repr": "Test2", "action_flag": 3, "change_message": ""}}, {"model": "admin.logentry", "pk": 12, "fields": {"action_time": "2025-02-24T19:11:05.571Z", "user": 1, "content_type": 14, "object_id": "13", "object_repr": "test", "action_flag": 3, "change_message": ""}}, {"model": "admin.logentry", "pk": 13, "fields": {"action_time": "2025-02-25T23:09:40.917Z", "user": 1, "content_type": 14, "object_id": "15", "object_repr": "Iphone 15", "action_flag": 1, "change_message": "[{\"added\": {}}]"}}, {"model": "admin.logentry", "pk": 14, "fields": {"action_time": "2025-02-25T23:13:45.940Z", "user": 1, "content_type": 14, "object_id": "15", "object_repr": "Iphone 15", "action_flag": 3, "change_message": ""}}, {"model": "admin.logentry", "pk": 15, "fields": {"action_time": "2025-02-28T11:38:42.663Z", "user": 1, "content_type": 14, "object_id": "16", "object_repr": "iphon1245", "action_flag": 1, "change_message": "[{\"added\": {}}]"}}, {"model": "admin.logentry", "pk": 16, "fields": {"action_time": "2025-02-28T11:40:18.579Z", "user": 1, "content_type": 14, "object_id": "16", "object_repr": "iphon1245", "action_flag": 3, "change_message": ""}}, {"model": "admin.logentry", "pk": 17, "fields": {"action_time": "2025-03-18T11:38:24.293Z", "user": 1, "content_type": 15, "object_id": "1", "object_repr": "9D1DCEC70DEF418C8CD902C3FBC88B67", "action_flag": 1, "change_message": "[{\"added\": {}}, {\"added\": {\"name\": \"order line item\", \"object\": \"SKU 388802 on order 9D1DCEC70DEF418C8CD902C3FBC88B67\"}}, {\"added\": {\"name\": \"order line item\", \"object\": \"SKU 388799 on order 9D1DCEC70DEF418C8CD902C3FBC88B67\"}}, {\"added\": {\"name\": \"order line item\", \"object\": \"SKU 388801 on order 9D1DCEC70DEF418C8CD902C3FBC88B67\"}}]"}}, {"model": "admin.logentry", "pk": 18, "fields": {"action_time": "2025-03-20T14:43:56.938Z", "user": 1, "content_type": 15, "object_id": "4", "object_repr": "3E07713476B04A0C867AB854276B71B3", "action_flag": 2, "change_message": "[{\"changed\": {\"name\": \"order line item\", \"object\": \"SKU 388799 on order 3E07713476B04A0C867AB854276B71B3\", \"fields\": [\"Quantity\"]}}]"}}, {"model": "admin.logentry", "pk": 19, "fields": {"action_time": "2025-03-20T14:44:13.899Z", "user": 1, "content_type": 15, "object_id": "4", "object_repr": "3E07713476B04A0C867AB854276B71B3", "action_flag": 2, "change_message": "[{\"deleted\": {\"name\": \"order line item\", \"object\": \"SKU 388799 on order 3E07713476B04A0C867AB854276B71B3\"}}]"}}, {"model": "admin.logentry", "pk": 20, "fields": {"action_time": "2025-03-21T21:23:13.820Z", "user": 1, "content_type": 8, "object_id": "2", "object_repr": "pooja-12@live.nl", "action_flag": 2, "change_message": "[{\"changed\": {\"fields\": [\"Verified\"]}}]"}}, {"model": "admin.logentry", "pk": 21, "fields": {"action_time": "2025-03-24T11:31:01.413Z", "user": 1, "content_type": 18, "object_id": "3", "object_repr": "Wishlist object (3)", "action_flag": 3, "change_message": ""}}, {"model": "admin.logentry", "pk": 22, "fields": {"action_time": "2025-03-24T11:31:11.727Z", "user": 1, "content_type": 18, "object_id": "1", "object_repr": "Wishlist object (1)", "action_flag": 3, "change_message": ""}}, {"model": "admin.logentry", "pk": 23, "fields": {"action_time": "2025-03-24T11:31:15.191Z", "user": 1, "content_type": 18, "object_id": "2", "object_repr": "Wishlist object (2)", "action_flag": 3, "change_message": ""}}, {"model": "admin.logentry", "pk": 24, "fields": {"action_time": "2025-03-24T11:31:18.879Z", "user": 1, "content_type": 18, "object_id": "4", "object_repr": "Wishlist object (4)", "action_flag": 3, "change_message": ""}}, {"model": "admin.logentry", "pk": 25, "fields": {"action_time": "2025-03-24T11:39:06.078Z", "user": 1, "content_type": 18, "object_id": "5", "object_repr": "Wishlist object (5)", "action_flag": 1, "change_message": "[{\"added\": {}}]"}}, {"model": "admin.logentry", "pk": 26, "fields": {"action_time": "2025-03-24T11:39:14.238Z", "user": 1, "content_type": 18, "object_id": "5", "object_repr": "Wishlist object (5)", "action_flag": 2, "change_message": "[]"}}, {"model": "admin.logentry", "pk": 27, "fields": {"action_time": "2025-03-24T11:39:18.935Z", "user": 1, "content_type": 18, "object_id": "6", "object_repr": "Wishlist object (6)", "action_flag": 1, "change_message": "[{\"added\": {}}]"}}, {"model": "admin.logentry", "pk": 28, "fields": {"action_time": "2025-03-24T11:39:31.540Z", "user": 1, "content_type": 18, "object_id": "7", "object_repr": "Wishlist object (7)", "action_flag": 1, "change_message": "[{\"added\": {}}]"}}, {"model": "admin.logentry", "pk": 29, "fields": {"action_time": "2025-03-24T11:39:43.763Z", "user": 1, "content_type": 18, "object_id": "6", "object_repr": "Wishlist object (6)", "action_flag": 3, "change_message": ""}}, {"model": "admin.logentry", "pk": 30, "fields": {"action_time": "2025-03-24T11:39:43.783Z", "user": 1, "content_type": 18, "object_id": "5", "object_repr": "Wishlist object (5)", "action_flag": 3, "change_message": ""}}, {"model": "admin.logentry", "pk": 31, "fields": {"action_time": "2025-03-24T15:50:04.998Z", "user": 1, "content_type": 18, "object_id": "16", "object_repr": "Wishlist object (16)", "action_flag": 3, "change_message": ""}}, {"model": "admin.logentry", "pk": 32, "fields": {"action_time": "2025-03-24T15:50:05.014Z", "user": 1, "content_type": 18, "object_id": "15", "object_repr": "Wishlist object (15)", "action_flag": 3, "change_message": ""}}, {"model": "admin.logentry", "pk": 33, "fields": {"action_time": "2025-03-24T15:50:05.027Z", "user": 1, "content_type": 18, "object_id": "14", "object_repr": "Wishlist object (14)", "action_flag": 3, "change_message": ""}}, {"model": "admin.logentry", "pk": 34, "fields": {"action_time": "2025-03-24T15:50:05.043Z", "user": 1, "content_type": 18, "object_id": "13", "object_repr": "Wishlist object (13)", "action_flag": 3, "change_message": ""}}, {"model": "admin.logentry", "pk": 35, "fields": {"action_time": "2025-03-24T15:50:05.059Z", "user": 1, "content_type": 18, "object_id": "12", "object_repr": "Wishlist object (12)", "action_flag": 3, "change_message": ""}}, {"model": "admin.logentry", "pk": 36, "fields": {"action_time": "2025-03-24T15:50:05.059Z", "user": 1, "content_type": 18, "object_id": "11", "object_repr": "Wishlist object (11)", "action_flag": 3, "change_message": ""}}, {"model": "admin.logentry", "pk": 37, "fields": {"action_time": "2025-03-24T15:50:05.081Z", "user": 1, "content_type": 18, "object_id": "10", "object_repr": "Wishlist object (10)", "action_flag": 3, "change_message": ""}}, {"model": "admin.logentry", "pk": 38, "fields": {"action_time": "2025-03-24T15:50:05.090Z", "user": 1, "content_type": 18, "object_id": "9", "object_repr": "Wishlist object (9)", "action_flag": 3, "change_message": ""}}, {"model": "admin.logentry", "pk": 39, "fields": {"action_time": "2025-03-24T15:50:05.106Z", "user": 1, "content_type": 18, "object_id": "8", "object_repr": "Wishlist object (8)", "action_flag": 3, "change_message": ""}}, {"model": "admin.logentry", "pk": 40, "fields": {"action_time": "2025-03-24T15:50:57.445Z", "user": 1, "content_type": 18, "object_id": "7", "object_repr": "Wishlist object (7)", "action_flag": 3, "change_message": ""}}, {"model": "admin.logentry", "pk": 41, "fields": {"action_time": "2025-03-24T16:22:05.033Z", "user": 1, "content_type": 18, "object_id": "21", "object_repr": "Wishlist object (21)", "action_flag": 3, "change_message": ""}}, {"model": "admin.logentry", "pk": 42, "fields": {"action_time": "2025-03-24T16:22:05.044Z", "user": 1, "content_type": 18, "object_id": "20", "object_repr": "Wishlist object (20)", "action_flag": 3, "change_message": ""}}, {"model": "admin.logentry", "pk": 43, "fields": {"action_time": "2025-03-24T16:22:05.055Z", "user": 1, "content_type": 18, "object_id": "19", "object_repr": "Wishlist object (19)", "action_flag": 3, "change_message": ""}}, {"model": "admin.logentry", "pk": 44, "fields": {"action_time": "2025-03-24T16:22:05.064Z", "user": 1, "content_type": 18, "object_id": "18", "object_repr": "Wishlist object (18)", "action_flag": 3, "change_message": ""}}, {"model": "admin.logentry", "pk": 45, "fields": {"action_time": "2025-03-24T16:22:05.073Z", "user": 1, "content_type": 18, "object_id": "17", "object_repr": "Wishlist object (17)", "action_flag": 3, "change_message": ""}}, {"model": "admin.logentry", "pk": 46, "fields": {"action_time": "2025-03-24T16:23:35.823Z", "user": 1, "content_type": 18, "object_id": "22", "object_repr": "Wishlist object (22)", "action_flag": 2, "change_message": "[{\"changed\": {\"fields\": [\"Products\"]}}]"}}, {"model": "admin.logentry", "pk": 47, "fields": {"action_time": "2025-03-24T16:23:40.523Z", "user": 1, "content_type": 18, "object_id": "22", "object_repr": "Wishlist object (22)", "action_flag": 2, "change_message": "[{\"changed\": {\"fields\": [\"Products\"]}}]"}}, {"model": "admin.logentry", "pk": 48, "fields": {"action_time": "2025-03-24T16:25:17.250Z", "user": 1, "content_type": 18, "object_id": "22", "object_repr": "Wishlist object (22)", "action_flag": 3, "change_message": ""}}, {"model": "auth.user", "pk": 1, "fields": {"password": "pbkdf2_sha256$260000$BfljoXPFxOyIkScEWd48VF$zUcNr5fLND1QoF8Kr/4mZO884JqZOD1F3Dzfe45sL70=", "last_login": "2025-03-24T12:54:57.573Z", "is_superuser": true, "username": "Jasmeen", "first_name": "", "last_name": "", "email": "j.sapraa@gmail.com", "is_staff": true, "is_active": true, "date_joined": "2025-02-14T17:35:05.437Z", "groups": [], "user_permissions": []}}, {"model": "auth.user", "pk": 2, "fields": {"password": "pbkdf2_sha256$260000$cgZY0WhcAeiJmNlb6g9vm1$PQM2b3ZuS+QGM0SDK8QUjz4CVcBuzUaTB/BZSyiNdtY=", "last_login": "2025-03-21T21:26:48.214Z", "is_superuser": false, "username": "pooja", "first_name": "", "last_name": "", "email": "pooja-12@live.nl", "is_staff": false, "is_active": true, "date_joined": "2025-03-21T20:59:50.913Z", "groups": [], "user_permissions": []}}, {"model": "auth.user", "pk": 3, "fields": {"password": "pbkdf2_sha256$260000$51ehZqQZn08N1A6z02jOOz$0V3AwgM6EdxcfU/oe/BVoVb3hwCHG+YLj/ADhBo6Dpo=", "last_login": null, "is_superuser": false, "username": "test", "first_name": "", "last_name": "", "email": "test@fdcmail.com", "is_staff": false, "is_active": true, "date_joined": "2025-03-21T21:24:48.503Z", "groups": [], "user_permissions": []}}, {"model": "sessions.session", "pk": "3hvjv7bktwsfq13e045krxc4ol25nrqc", "fields": {"session_data": "e30:1tvjqf:Pg48QcK72GionMAnbL3hFmMyOG0S0cVO6Fimeu5_FN4", "expire_date": "2025-04-04T21:24:13.522Z"}}, {"model": "sessions.session", "pk": "4lg8tpbnbp4y178szocmrq02otmmzwco", "fields": {"session_data": "e30:1twHmn:ysvnH9-j_RyfFrvF1-6NixZoTTnJn8-VVhOmJThVys4", "expire_date": "2025-04-06T09:38:29.504Z"}}, {"model": "sessions.session", "pk": "fn9reoeqm5uedyvzspk0nwnsukibq12q", "fields": {"session_data": "e30:1tvjqK:S-qOQKw4yNGR8ZhZOZTHePPPUnuz_lQ5zV0O1cXjUD4", "expire_date": "2025-04-04T21:23:52.689Z"}}, {"model": "sessions.session", "pk": "hs1in8llaf209kep1a0uvv7hdwqyzerf", "fields": {"session_data": "eyJhY2NvdW50X3ZlcmlmaWVkX2VtYWlsIjpudWxsLCJhY2NvdW50X3VzZXIiOiIyIn0:1tvjTR:RiWhe2uCmZtvsBepGUMye1J69f3KJe57DNAQwXl419w", "expire_date": "2025-04-04T21:00:13.453Z"}}, {"model": "sessions.session", "pk": "l2wbibpfbd6qb6athiefyo2hhgcss33y", "fields": {"session_data": ".eJxVjc0KgzAQhN9lzyL5McZ4a18kbJK1hooWE6FFfPeqeGgvAzOz8-0KFpfc2yXRbGOAFjgUv5lD_6TxKHAYjrhE76dlzOV5c9WpvO2Oxhw95jiN92v1h-ox9TuHXO28Y9ILxOB5V0lpNPGKEJUiZJJCI0SlTGCu02hM3Rnngm80amVUd0ATpbS_sfR-xfkDLSvA4QPaFSS0vABxar3rtn0BRUJKcQ:1twkZo:kPkzK8sm-k4nmnn5M6eLBt99PFfuAmoq4V7SIII8m-k", "expire_date": "2025-04-07T16:23:00.277Z"}}, {"model": "sessions.session", "pk": "n8pzc49f52a0lo9jm4idw5dfonuxi7fy", "fields": {"session_data": "eyJiYWciOnsiMiI6MTUsIjYiOjF9fQ:1ttRIy:5fGdAcrwpwMOJL1KnKxKwgNHT7sTj9uzbHLwDmD_-wY", "expire_date": "2025-03-29T13:11:56.452Z"}}, {"model": "sessions.session", "pk": "ne8qswig0hqid8fwouc56vhbvt2j2w10", "fields": {"session_data": "eyJiYWciOnsiMyI6NX19:1tvjSR:5qAHfYXsf62Bz6gz9f7Hqp54KP_BXmdd9ImUSiykff0", "expire_date": "2025-04-04T20:59:11.351Z"}}, {"model": "sessions.session", "pk": "sejhc1r1d0rcn1qe9xfwhg4gq6wh2wjs", "fields": {"session_data": "eyJhY2NvdW50X3ZlcmlmaWVkX2VtYWlsIjpudWxsLCJhY2NvdW50X3VzZXIiOiIzIn0:1tvjrS:p5MiZ5BBMUHmWlb1hM6jOIfwbV-JMazIe2PSdGFkw2s", "expire_date": "2025-04-04T21:25:02.618Z"}}, {"model": "sessions.session", "pk": "sketp6uamb5szwz0o286a1mhjjviuy74", "fields": {"session_data": "e30:1twHmV:qWGnzzQfH4kTlJ9siTcka4Bw316vXk79-XMZP_pq1LY", "expire_date": "2025-04-06T09:38:11.394Z"}}, {"model": "sessions.session", "pk": "u7pty8zslki8dlvfjqmd5sy2i2v0k5sc", "fields": {"session_data": "e30:1twHxB:uRFVmMaASsGifvxsKYtjMx2JhIAQ-eAgJSFXGBm0tjs", "expire_date": "2025-04-06T09:49:13.965Z"}}, {"model": "sessions.session", "pk": "ug7zabcpk9ygrqix70v7f6zn9ej84h2a", "fields": {"session_data": "e30:1tvfic:V9XjjG8HgtmP4GY_NKWfFiYw7oA-daTkM-fqgHI3yTg", "expire_date": "2025-04-04T16:59:38.983Z"}}, {"model": "sessions.session", "pk": "umknwg5f0jz0ssgozkx6ptb64k93p2my", "fields": {"session_data": "eyJiYWciOnt9fQ:1twIdp:VQNj6oKhcpCeNcapzqFDe8BwLqz7kTUWCEiSiBO2lco", "expire_date": "2025-04-06T10:33:17.434Z"}}, {"model": "sessions.session", "pk": "unwgf9fqk1uspufn6yl50ci3qvdh6mxt", "fields": {"session_data": "e30:1tvf0Y:tVeAJoo-w88PBxNuFlurtsBc1E0EKDTMvxohIvcqhVI", "expire_date": "2025-04-04T16:14:06.133Z"}}, {"model": "sites.site", "pk": 1, "fields": {"domain": "smart_tech.com", "name": "smart_tech"}}, {"model": "account.emailaddress", "pk": 1, "fields": {"user": 1, "email": "j.sapraa@gmail.com", "verified": true, "primary": false}}, {"model": "account.emailaddress", "pk": 2, "fields": {"user": 2, "email": "pooja-12@live.nl", "verified": true, "primary": true}}, {"model": "account.emailaddress", "pk": 3, "fields": {"user": 3, "email": "test@fdcmail.com", "verified": false, "primary": true}}, {"model": "products.category", "pk": 1, "fields": {"name": "games", "friendly_name": "Games"}}, {"model": "products.category", "pk": 2, "fields": {"name": "charging", "friendly_name": "Charging"}}, {"model": "products.category", "pk": 3, "fields": {"name": "headsets", "friendly_name": "Headsets"}}, {"model": "products.product", "pk": 1, "fields": {"category": 1, "image": "nintendo-switch.webp", "sku": "751665", "name": "Nintendo Switch û OLED Model", "price": "279.99", "description": "All your Nintendo friends are on the Switch. Fancy games with Mario and Luigi, Link and Zelda or Pikachu and the other PokÚmon? You can find all of them and many more exclusively on Switch. And you can take them with you anywhere you go! Nintendo Switch is a hybrid console - you can either hook it to your TV, or go handheld and play on its 7ö screen. That means you can game any way you like, whether it's a lazy afternoon with the family or a commute to school or work."}}, {"model": "products.product", "pk": 2, "fields": {"category": 1, "image": "xbox.webp", "sku": "399176", "name": "Microsoft Xbox Series X - 1 TB", "price": "534.00", "description": "Experience a new generation of gaming with the Microsoft Xbox Series X. Featuring re-engineered hardware and software integration, Xbox Velocity Architecture delivers superior speed and performance like you've never seen before. Ready for 8K gaming with speeds up to 120 fps, you will experience lightning-fast gaming with incredible detail."}}, {"model": "products.product", "pk": 3, "fields": {"category": 1, "image": "ps5.webp", "sku": "403768", "name": "Sony PlayStation 5 (Model Group - Slim)", "price": "479.00", "description": "The new PS5 is slimmed down, but it's still just as fast. It's 24% lighter and 30% smaller than the original û so now it actually might fit in that tight spot under the telly. And even though it's little, it still packs a punch. Jump in with shiny 4K Ultra HD graphics at up to 120 fps for silky-smooth life-like action. There's a chunkier 1 TB SSD too, which gives you loads of space for your favourite titles. An extra USB-C port lets you charge a couple of controllers at once, so you're ready for some couch co-op."}}, {"model": "products.product", "pk": 4, "fields": {"category": 2, "image": "type-c-adapter.webp", "sku": "315611", "name": "Type-C Power Adapter", "price": "14.99", "description": "With 20 W, this adapter can take care of your iPhone, iPad and other gadgets. You can plug in any USB Type-C cable to charge a wide variety of devices. Featuring foldable UK plug connectors, it's perfect for travel and easy to pack in your bag"}}, {"model": "products.product", "pk": 5, "fields": {"category": 2, "image": "usb-adapter.webp", "sku": "315622", "name": "USB Power Adapter", "price": "14.99", "description": "With 20 W, this adapter can take care of your iPhone, iPad and other gadgets. You can plug in any USB Type-C cable to charge a wide variety of devices. Featuring foldable UK plug connectors, it's perfect for travel and easy to pack in your bag"}}, {"model": "products.product", "pk": 6, "fields": {"category": 2, "image": "wire-type-c-to-lightning.webp", "sku": "388799", "name": "Power Cable Type-C to Lightning", "price": "9.99", "description": "20W fast charging 1 meter power cable"}}, {"model": "products.product", "pk": 7, "fields": {"category": 2, "image": "wire-type-c-to-type-c.webp", "sku": "388800", "name": "Power Cable Type-C to Type C", "price": "9.99", "description": "20W fast charging 1 meter power cable"}}, {"model": "products.product", "pk": 8, "fields": {"category": 2, "image": "wire-type-c-to-usb.webp", "sku": "388801", "name": "Power Cable Type-C to USB", "price": "9.99", "description": "20W fast charging 1 meter power cable"}}, {"model": "products.product", "pk": 9, "fields": {"category": 2, "image": "wire-usb-to-lightning.webp", "sku": "388802", "name": "Power Cable USB to lightning", "price": "9.99", "description": "20W fast charging 1 meter power cable"}}, {"model": "products.product", "pk": 10, "fields": {"category": 3, "image": "airpods.webp", "sku": "397503", "name": "Apple AirPods 4 with Active Noise Cancellation", "price": "179.99", "description": "The Apple AirPods 4 with Active Noise Cancellation bring you a totally transformed audio experience. Adaptive Audio tweaks the noise control to your changing environment as you go about your day. Transparency mode is ideal when you're out on a run û you can stay connected to your surroundings while you listen. And an updated fit means they're comfy from AM to PM."}}, {"model": "products.product", "pk": 11, "fields": {"category": 3, "image": "samsung-earbuds.webp", "sku": "727978", "name": "Samsung Galaxy Buds3 Pro Wireless Bluetooth Noise-Cancelling", "price": "219.00", "description": "Give your music the attention it deserves with these Samsung Galaxy Buds3 Pro. Their AI-powered Active Noise Cancelling blocks out background noise that can become distracting. It can even recognise the difference between general racket and an emergency siren, so you can still be aware of what's going on around you. Travelling overseas? The Real Time Interpreter instantly translates in your ears, so you won't miss out on any interesting local knowledge. And the in-ear tips have been designed to fit snugly so you can wear them all day in complete comfort. Perfect for long haul flights or when you need a little extra motivation at work."}}, {"model": "products.product", "pk": 12, "fields": {"category": 3, "image": "jbl-headset.webp", "sku": "615264", "name": "JBL Tune 720BT Wireless Bluetooth Headphones", "price": "39.99", "description": "Feel every bone-rattling bass line with these JBL headphones. With JBL Pure Bass Sound, you can enjoy your favourite tunes with heaps of low-end thump, just like at a concert. Prefer less bass and more mids? Download the JBL Headphone app and fine-tune your EQ settings so it sounds just the way you like it. And with up to 76 hours of battery life, you can listen to your perfectly curated playlists all day without stopping to grab the charger."}}, {"model": "checkout.order", "pk": 1, "fields": {"order_number": "9D1DCEC70DEF418C8CD902C3FBC88B67", "user_profile": null, "first_name": "Jasmeen", "last_name": "Saprah", "phone_number": "0343523", "email": "j.sapraa@gmail.com", "address_line1": "Burg Caan van Necklaan", "address_line2": null, "town_or_city": "Leidschendam", "postcode": "2262GB", "country": "Netherlands", "date": "2025-03-18T11:38:24.288Z", "delivery_cost": "0.00", "order_total": "0.00", "grand_total": "0.00", "original_bag": "", "stripe_pid": ""}}, {"model": "checkout.order", "pk": 2, "fields": {"order_number": "FBE67AFA19F4416AA41302D3D0391EE7", "user_profile": null, "first_name": "Jasmeen", "last_name": "Saprah", "phone_number": "343523", "email": "j.sapraa@gmail.com", "address_line1": "Burg Caan van Necklaan", "address_line2": null, "town_or_city": "Leidschendam", "postcode": "2262GB", "country": "Netherlands", "date": "2025-03-20T13:01:19.224Z", "delivery_cost": "0.00", "order_total": "1068.00", "grand_total": "1068.00", "original_bag": "", "stripe_pid": ""}}, {"model": "checkout.order", "pk": 3, "fields": {"order_number": "03D11D22079E46179451362FE0253EC2", "user_profile": null, "first_name": "Jasmeen", "last_name": "Saprah", "phone_number": "343523", "email": "j.sapraa@gmail.com", "address_line1": "Burg Caan van Necklaan", "address_line2": null, "town_or_city": "Leidschendam", "postcode": "2262GB", "country": "Netherlands", "date": "2025-03-20T14:20:52.442Z", "delivery_cost": "0.00", "order_total": "1547.00", "grand_total": "1547.00", "original_bag": "", "stripe_pid": ""}}, {"model": "checkout.order", "pk": 4, "fields": {"order_number": "3E07713476B04A0C867AB854276B71B3", "user_profile": null, "first_name": "Jasmeen", "last_name": "Saprah", "phone_number": "343523", "email": "j.sapraa@gmail.com", "address_line1": "Burg Caan van Necklaan", "address_line2": null, "town_or_city": "Leidschendam", "postcode": "2262GB", "country": "Netherlands", "date": "2025-03-20T14:33:06.108Z", "delivery_cost": "0.00", "order_total": "0.00", "grand_total": "0.00", "original_bag": "", "stripe_pid": ""}}, {"model": "checkout.order", "pk": 5, "fields": {"order_number": "FD5EF15FF7494EFEB9AF1E7C8354DBFD", "user_profile": null, "first_name": "Jasmeen", "last_name": "Saprah", "phone_number": "343523", "email": "j.sapraa@gmail.com", "address_line1": "Burg Caan van Necklaan", "address_line2": null, "town_or_city": "Leidschendam", "postcode": "2262GB", "country": "Netherlands", "date": "2025-03-20T15:54:19.712Z", "delivery_cost": "0.00", "order_total": "479.00", "grand_total": "479.00", "original_bag": "", "stripe_pid": ""}}, {"model": "checkout.order", "pk": 6, "fields": {"order_number": "55DB14A31D644076A4C573A254AA3352", "user_profile": null, "first_name": "Jasmeen", "last_name": "Saprah", "phone_number": "343523", "email": "j.sapraa@gmail.com", "address_line1": "Burg Caan van Necklaan", "address_line2": null, "town_or_city": "Leidschendam", "postcode": "2262GB", "country": "United Kingdom", "date": "2025-03-20T18:46:29.678Z", "delivery_cost": "0.00", "order_total": "534.00", "grand_total": "534.00", "original_bag": "", "stripe_pid": ""}}, {"model": "checkout.order", "pk": 7, "fields": {"order_number": "12785FE4ED154E9E9FC6CC78EB1D8F53", "user_profile": null, "first_name": "Iphone", "last_name": "15", "phone_number": "343523", "email": "j.sapraa@gmail.com", "address_line1": "Burg Caan van Necklaan", "address_line2": null, "town_or_city": "Leidschendam", "postcode": "2262GB", "country": "United Kingdom", "date": "2025-03-20T18:47:07.677Z", "delivery_cost": "0.00", "order_total": "1916.00", "grand_total": "1916.00", "original_bag": "", "stripe_pid": ""}}, {"model": "checkout.order", "pk": 8, "fields": {"order_number": "97625C8933BF4610986504B08E72596B", "user_profile": null, "first_name": "Jasmeen", "last_name": "Saprah", "phone_number": "343523", "email": "j.sapraa@gmail.com", "address_line1": "Burg Caan van Necklaan", "address_line2": null, "town_or_city": "Leidschendam", "postcode": "2262GB", "country": "Netherlands", "date": "2025-03-20T18:48:02.022Z", "delivery_cost": "1.00", "order_total": "9.99", "grand_total": "10.99", "original_bag": "", "stripe_pid": ""}}, {"model": "checkout.order", "pk": 9, "fields": {"order_number": "77AA81BED4AD4E0EAD424096A7CA8233", "user_profile": null, "first_name": "Jasmeen", "last_name": "Saprah", "phone_number": "343523", "email": "j.sapraa@gmail.com", "address_line1": "Burg Caan van Necklaan", "address_line2": null, "town_or_city": "Leidschendam", "postcode": "2262GB", "country": "Netherlands", "date": "2025-03-20T19:42:43.914Z", "delivery_cost": "0.00", "order_total": "534.00", "grand_total": "534.00", "original_bag": "", "stripe_pid": ""}}, {"model": "checkout.order", "pk": 10, "fields": {"order_number": "FC33EF9CAB01488F9E1972EA2FAFA08A", "user_profile": null, "first_name": "Jasmeen", "last_name": "Saprah", "phone_number": "343523", "email": "j.sapraa@gmail.com", "address_line1": "Burg Caan van Necklaan", "address_line2": null, "town_or_city": "Leidschendam", "postcode": "2262GB", "country": "Netherlands", "date": "2025-03-21T08:52:45.633Z", "delivery_cost": "0.00", "order_total": "319.98", "grand_total": "319.98", "original_bag": "", "stripe_pid": ""}}, {"model": "checkout.order", "pk": 11, "fields": {"order_number": "60A467A5B42D40A696A498C93C5F46CC", "user_profile": null, "first_name": "Jasmeen", "last_name": "Saprah", "phone_number": "343523", "email": "j.sapraa@gmail.com", "address_line1": "Burg Caan van Necklaan", "address_line2": null, "town_or_city": "Leidschendam", "postcode": "2262GB", "country": "Netherlands", "date": "2025-03-21T12:20:15.398Z", "delivery_cost": "0.00", "order_total": "753.00", "grand_total": "753.00", "original_bag": "", "stripe_pid": ""}}, {"model": "checkout.order", "pk": 12, "fields": {"order_number": "962F1853C3614DC2BC02EAB6822A8175", "user_profile": null, "first_name": "Jasmeen", "last_name": "Saprah", "phone_number": "343523", "email": "j.sapraa@gmail.com", "address_line1": "Burg Caan van Necklaan", "address_line2": null, "town_or_city": "Leidschendam", "postcode": "2262GB", "country": "NL", "date": "2025-03-22T10:32:02.615Z", "delivery_cost": "0.00", "order_total": "1077.99", "grand_total": "1077.99", "original_bag": "", "stripe_pid": ""}}, {"model": "checkout.order", "pk": 13, "fields": {"order_number": "3295839B372D487E9FC51289E838B2E1", "user_profile": null, "first_name": "Jasmeen", "last_name": "Saprah", "phone_number": "343523", "email": "j.sapraa@gmail.com", "address_line1": "High Street", "address_line2": null, "town_or_city": "Londen", "postcode": "UB3 5AD", "country": "GB", "date": "2025-03-22T10:40:25.013Z", "delivery_cost": "0.00", "order_total": "0.00", "grand_total": "0.00", "original_bag": "", "stripe_pid": ""}}, {"model": "checkout.order", "pk": 14, "fields": {"order_number": "79BD1C96847743F2BCAA3CB0FA01040E", "user_profile": null, "first_name": "Jasmeen", "last_name": "Saprah", "phone_number": "343523", "email": "j.sapraa@gmail.com", "address_line1": "Burg Caan van Necklaan", "address_line2": null, "town_or_city": "Leidschendam", "postcode": "2262GB", "country": "NL", "date": "2025-03-22T11:33:51.622Z", "delivery_cost": "0.00", "order_total": "479.00", "grand_total": "479.00", "original_bag": "", "stripe_pid": ""}}, {"model": "checkout.order", "pk": 15, "fields": {"order_number": "C465EF1959BF4CAC97D386D4A2C7CCFD", "user_profile": null, "first_name": "Jasmeen", "last_name": "Saprah", "phone_number": "343523", "email": "j.sapraa@gmail.com", "address_line1": "Burg Caan van Necklaan", "address_line2": null, "town_or_city": "Leidschendam", "postcode": "2262GB", "country": "NL", "date": "2025-03-22T19:30:00.573Z", "delivery_cost": "0.00", "order_total": "534.00", "grand_total": "534.00", "original_bag": "", "stripe_pid": ""}}, {"model": "checkout.order", "pk": 16, "fields": {"order_number": "010F6CAD7A4A4B8C8AD906EA34952CBD", "user_profile": null, "first_name": "Jasmeen", "last_name": "Saprah", "phone_number": "343523", "email": "j.sapraa@gmail.com", "address_line1": "Burg Caan van Necklaan", "address_line2": null, "town_or_city": "Leidschendam", "postcode": "2262GB", "country": "NL", "date": "2025-03-23T00:41:32.268Z", "delivery_cost": "0.00", "order_total": "3767.97", "grand_total": "3767.97", "original_bag": "", "stripe_pid": ""}}, {"model": "checkout.orderlineitem", "pk": 1, "fields": {"order": 1, "product": 9, "quantity": 1, "lineitem_total": "9.99"}}, {"model": "checkout.orderlineitem", "pk": 2, "fields": {"order": 1, "product": 6, "quantity": 3, "lineitem_total": "29.97"}}, {"model": "checkout.orderlineitem", "pk": 3, "fields": {"order": 1, "product": 8, "quantity": 4, "lineitem_total": "39.96"}}, {"model": "checkout.orderlineitem", "pk": 4, "fields": {"order": 2, "product": 2, "quantity": 2, "lineitem_total": "1068.00"}}, {"model": "checkout.orderlineitem", "pk": 5, "fields": {"order": 3, "product": 2, "quantity": 2, "lineitem_total": "1068.00"}}, {"model": "checkout.orderlineitem", "pk": 6, "fields": {"order": 3, "product": 3, "quantity": 1, "lineitem_total": "479.00"}}, {"model": "checkout.orderlineitem", "pk": 8, "fields": {"order": 5, "product": 3, "quantity": 1, "lineitem_total": "479.00"}}, {"model": "checkout.orderlineitem", "pk": 9, "fields": {"order": 6, "product": 2, "quantity": 1, "lineitem_total": "534.00"}}, {"model": "checkout.orderlineitem", "pk": 10, "fields": {"order": 7, "product": 3, "quantity": 4, "lineitem_total": "1916.00"}}, {"model": "checkout.orderlineitem", "pk": 11, "fields": {"order": 8, "product": 6, "quantity": 1, "lineitem_total": "9.99"}}, {"model": "checkout.orderlineitem", "pk": 12, "fields": {"order": 9, "product": 2, "quantity": 1, "lineitem_total": "534.00"}}, {"model": "checkout.orderlineitem", "pk": 13, "fields": {"order": 10, "product": 1, "quantity": 1, "lineitem_total": "279.99"}}, {"model": "checkout.orderlineitem", "pk": 14, "fields": {"order": 10, "product": 12, "quantity": 1, "lineitem_total": "39.99"}}, {"model": "checkout.orderlineitem", "pk": 15, "fields": {"order": 11, "product": 2, "quantity": 1, "lineitem_total": "534.00"}}, {"model": "checkout.orderlineitem", "pk": 16, "fields": {"order": 11, "product": 11, "quantity": 1, "lineitem_total": "219.00"}}, {"model": "checkout.orderlineitem", "pk": 17, "fields": {"order": 12, "product": 2, "quantity": 2, "lineitem_total": "1068.00"}}, {"model": "checkout.orderlineitem", "pk": 18, "fields": {"order": 12, "product": 6, "quantity": 1, "lineitem_total": "9.99"}}, {"model": "checkout.orderlineitem", "pk": 19, "fields": {"order": 14, "product": 3, "quantity": 1, "lineitem_total": "479.00"}}, {"model": "checkout.orderlineitem", "pk": 20, "fields": {"order": 15, "product": 2, "quantity": 1, "lineitem_total": "534.00"}}, {"model": "checkout.orderlineitem", "pk": 21, "fields": {"order": 16, "product": 2, "quantity": 7, "lineitem_total": "3738.00"}}, {"model": "checkout.orderlineitem", "pk": 22, "fields": {"order": 16, "product": 6, "quantity": 3, "lineitem_total": "29.97"}}, {"model": "profiles.userprofile", "pk": 1, "fields": {"user": 2, "default_phone_number": "343523", "default_address_line1": "Burg Caan van Necklaan", "default_address_line2": null, "default_postcode": "2262GB", "default_town_or_city": "Leidschendam", "default_country": "NL"}}, {"model": "profiles.userprofile", "pk": 2, "fields": {"user": 1, "default_phone_number": null, "default_address_line1": null, "default_address_line2": null, "default_postcode": null, "default_town_or_city": null, "default_country": null}}, {"model": "profiles.userprofile", "pk": 3, "fields": {"user": 3, "default_phone_number": null, "default_address_line1": null, "default_address_line2": null, "default_postcode": null, "default_town_or_city": null, "default_country": null}}]
